data,target
We strive to be environmentally friendly in everything we do.,1
Our products are made with the environment in mind.,1
We are committed to sustainability without compromising quality.,1
Our goal is to reduce our carbon footprint.,1
We are working towards a greener future.,1
We use eco-conscious practices in our manufacturing process.,1
Our packaging is designed to minimize environmental impact.,1
We believe in protecting the planet for future generations.,1
We are dedicated to being environmentally responsible.,1
Our company is committed to sustainability.,1
We are constantly seeking ways to reduce waste.,1
We are proud to be eco-friendly.,1
We are committed to environmental stewardship.,1
Our products are made with the environment in mind.,1
We are dedicated to minimizing our environmental impact.,1
We are committed to sustainability practices.,1
We are dedicated to sustainable practices.,1
We are committed to reducing our carbon footprint.,1
We are committed to sustainable manufacturing.,1
We are committed to sustainability efforts.,1
We are dedicated to environmental sustainability.,1
We are committed to reducing waste.,1
We are committed to eco-friendly practices.,1
We are committed to sustainable development.,1
We are committed to sustainable business practices.,1
We are dedicated to environmentally friendly practices.,1
We are dedicated to sustainability initiatives.,1
We are committed to environmentally responsible practices.,1
We are committed to minimizing our carbon footprint.,1
We are dedicated to sustainable production.,1
We are committed to sustainability goals.,1
We are dedicated to eco-friendly manufacturing.,1
We are committed to environmental conservation.,1
We are committed to sustainable sourcing.,1
We are dedicated to reducing environmental impact.,1
We are committed to sustainable solutions.,1
We are dedicated to eco-friendly initiatives.,1
We are committed to sustainability standards.,1
We are dedicated to sustainable growth,1
We are working towards a greener future.,1
Our products are kind to the environment.,1
We strive to minimize our impact on the planet.,1
We are committed to sustainability.,1
Our packaging is designed with the environment in mind.,1
We support eco-friendly initiatives.,1
We are dedicated to reducing our carbon footprint.,1
Our goal is to be environmentally responsible.,1
We believe in the power of green technology.,1
We are constantly looking for ways to be more sustainable.,1
Our products are made with the environment in mind.,1
We aim to protect the planet for future generations.,1
We are passionate about sustainability.,1
Our company values environmental stewardship.,1
We are committed to doing our part for the planet.,1
We are proud to be an environmentally conscious company.,1
We believe in the importance of sustainability.,1
We are dedicated to environmental preservation.,1
Our products are eco-friendly.,1
We are working towards a more sustainable future.,1
We are committed to reducing our environmental impact.,1
Our company is environmentally aware.,1
We are dedicated to sustainable practices.,1
We strive to be environmentally friendly.,1
We are committed to sustainability and conservation.,1
Our products are designed with sustainability in mind.,1
We believe in the power of green energy.,1
We are dedicated to reducing waste.,1
Our company is committed to environmental protection.,1
We are committed to making a positive impact on the environment.,1
We are proud to support green initiatives.,1
Our products are made from sustainable materials.,1
We are dedicated to being eco-conscious.,1
We strive to be good stewards of the environment.,1
We are committed to sustainable development.,1
Our company values environmental sustainability.,1
We are passionate about protecting the environment.,1
We believe in the importance of eco-friendly practices.,1
The product packaging is recyclable,1
50% more recycled content than before.,1
Our plastic diaper liner has the most recycled content.,1
Less waste than the leading national brand.,1
Greener than our previous packaging.,1
Buy our printer. Make a change.,1
20% more recycled content.,1
Eco-smart gas-powered lawn mower with improved fuel efficiency!,1
Environmentally-friendly improvement. 25% less plastic than our previous packaging.,1
Purchasing carbon offsets will neutralize the carbon emissions from your flight.,1
Our product “will offset your own ‘dirty’ driving habits.,1
Will break down into small pieces if left uncovered in sunlight.,1
Includes some recyclable material.,1
Flooring is made with renewable materials.,1
Product generates “10% less waste.,1
Our packaging is made from 50% plantbased renewable materials. Because we turn fast-growing plants into bio-plastics only half of our product is made from petroleum-based materials.,0
Our flooring is made from 100 percent bamboo; which grows at the same rate or faster than we use it.,0
Product made from a mix of renewable energy sources including 20% purchased solar energy.,0
We purchase wind energy for half of our manufacturing facilities.,0
Product contains 50% total recycled fiberincluding 30% postconsumer fiber.,0
Recyclable through our dealership network.,0
25 percent of the material in this package is recyclable in the few communities that can process multi-layer products.,0
Recyclable in the few communities with facilities for foam polystyrene cups.,0
This product [package] is recyclable only in the few communities that have appropriate recycling facilities.,0
Shirts are bleached with a process that releases 50% less of the harmful byproducts associated with chlorine bleaching.,0
Will break down into small pieces if left uncovered in sunlight within 2 years.,0
Environmentally preferable: contains 50% recycled content compared to 20% for the leading brand,0
We’ve reduced the weight of our packaging by 15%.,0
Virtually all 15 products impact the environment. For details on which attributes we evaluated go to [a website that discusses this product].,0
This diaper can be composted if your community is one of the 50 that have composting facilities.,0
Offset the carbon emissions from your flight by funding new projects that will begin reducing emissions in two years.,0
Our company has committed to reducing its carbon emissions by 50% by 2030.,0
Our product reduces water usage by 30% compared to traditional models as confirmed by independent studies,0
We have reduced our carbon emissions by 50% over the past five years verified by a third-party audit.,0
Our packaging is made from 100% recycled materials; with certifications from recognized environmental agencies.,0
Independent tests show that our product is 95% biodegradable within six months.,0
Our solar panels are proven to generate 25% more energy than leading competitors; as verified by industry benchmarks.,0
We have achieved zero waste to landfill in all our manufacturing facilities as audited by a reputable waste management firm.,0
Our organic cotton products are certified by the Global Organic Textile Standard (GOTS) ensuring sustainable and ethical production practices.,0
Our electric vehicles have been tested to have a range of 300 miles per charge; as confirmed by official government tests.,0
We source 100% of our palm oil from RSPO-certified sustainable plantations.,0
Our cleaning product has been awarded the EPA Safer Choice label indicating its safety for the environment and human health.,0
We have invested in a reforestation project that has planted over 1 million trees verified by satellite imagery.,0
Our company has been recognized as a Climate Neutral Certified Business demonstrating our commitment to carbon neutrality.,0
Our factory has achieved LEED Platinum certification for its energy-efficient design and operations.,0
We use only non-GMO ingredients in our products; verified by genetic testing.,0
Independent life cycle assessments show that our product has a significantly lower environmental impact compared to alternatives.,0
Our paper products are sourced from forests certified by the Forest Stewardship Council (FSC) ensuring responsible forestry practices.,0
We have reduced our packaging waste by 50% through innovative design and materials confirmed by waste audits.,0
Our product has been tested and proven to reduce energy consumption by 20% in real-world settings.,0
We support our claims with transparent reporting of our environmental performance available on our website.,0
Our seafood is sourced from MSC-certified sustainable fisheries ensuring the health of marine ecosystems.,0
We have implemented a closed-loop recycling system in our operations reducing waste by 80%.,0
Our supply chain is audited annually for compliance with environmental standards ensuring responsible sourcing.,0
We have partnered with a renewable energy provider to power our operations with 100% renewable energy.,0
Our product has received the Energy Star certification for its energy efficiency; backed by rigorous testing.,0
We have achieved a 90% reduction in greenhouse gas emissions from our transportation fleet verified by fuel consumption data.,0
Our company has committed to a science-based target to reduce emissions in line with the Paris Agreement.,0
Our product has undergone extensive life cycle analysis to quantify its environmental impact; with results published in peer-reviewed journals.,0
We have implemented a water recycling system that has reduced our water usage by 70%.,0
Our packaging is designed to be easily recyclable with clear instructions for consumers.,0
Our product is certified as vegan by a reputable organization ensuring no animal products are used.,0
Our company reduced carbon emissions by 30% last year through the implementation of 40 solar panels on the roof of our manufacturing buildings,0
Our commitment to sustainability is backed by measurable goals and transparent reporting on our progress.,0
Our company reduced carbon emissions by 30% last year through the implementation of energy-efficient practices.,0
Independent studies confirm that our product reduces water consumption by 50% compared to traditional alternatives.,0
We have achieved a 90% waste diversion rate in our manufacturing processesas verified by third-party audits.,0
Our packaging is certified compostable by the Biodegradable Products Institutemeeting ASTM D6400 standards.,0
Life cycle assessments show that our product has a 40% lower environmental impact compared to industry averages.,0
Our renewable energy sources power 100% of our manufacturing facilities verified through renewable energy certificates.,0
We conducted a comprehensive environmental impact assessment identifying key areas for improvement and implementing sustainable solutions.,0
Our product is certified by the Forest Stewardship Council ensuring responsible sourcing of wood fibers.,0
Third-party testing confirms that our product meets strict air quality standards promoting healthier indoor environments.,0
We have invested in wildlife habitat restoration projects offsetting any ecological impact from our operations.,0
Our carbon offset program is verified by Gold Standard ensuring real and measurable emissions reductions.,0
We adhere to ISO 14001 environmental management standards continuously improving our sustainability performance.,0
Our product underwent rigorous life cycle analysis demonstrating superior environmental performance compared to competitors.,0
We have achieved LEED Platinum certification for our green building showcasing our commitment to sustainable construction.,0
Our supply chain is audited for ethical labor practices ensuring fair treatment of workers throughout production.,0
Our product is certified organic by the USDA meeting strict standards for agricultural practices.,0
Independent studies confirm that our product's energy efficiency saves consumers 20% on utility bills.,0
We are committed to full transparency publishing detailed sustainability reports annually.,0
Our product is backed by decades of scientific research demonstrating its safety and efficacy.,0
We partner with reputable environmental organizations to support conservation efforts and promote biodiversity.,0
We have reduced packaging waste by 25% through innovative design and materials optimization.,0
Our product's performance is validated by industry-leading testing laboratories.,0
We conduct regular environmental audits to ensure compliance with regulatory requirements and best practices.,0
Our company has achieved zero waste to landfill status diverting all waste to recycling and composting facilities.,0
We engage in ongoing community outreach programs to educate and empower local stakeholders on environmental issues.,0
Our product is certified carbon neutral by Climate Neutral offsetting emissions through verified carbon offset projects.,0
We prioritize sourcing materials from suppliers with strong environmental track records and sustainability certifications.,0
Our water conservation efforts have resulted in a 50% reduction in water usage across all operations.,0
We conduct lifecycle assessments to identify opportunities for reducing environmental impacts throughout the product lifecycle.,0
Our sustainability initiatives are guided by the United Nations Sustainable Development Goals ensuring alignment with global priorities.,0
We have implemented closed-loop manufacturing processes minimizing waste and maximizing resource efficiency.,0
Our product has received the Energy Star certification for superior energy efficiency.,0
We engage in continuous research and development to innovate sustainable solutions and reduce environmental footprints.,0
Our company is committed to reducing greenhouse gas emissions in line with science-based targets.,0
We support renewable energy projects through the purchase of renewable energy certificates contributing to the transition to a low-carbon economy.,0
Our product's environmental benefits are verified by independent third-party assessments.,0
We participate in voluntary environmental labeling programs to provide consumers with transparent information about our products' sustainability.,0
Our sustainable sourcing practices ensure the preservation of ecosystems and biodiversity.,0
We collaborate with academic institutions to advance research on sustainable technologies and practices.,0
Our product is certified Cradle to Cradle demonstrating its commitment to circular economy principles.,0
We invest in employee training programs to promote environmental stewardship and sustainability literacy.,0
Our manufacturing facilities are powered by renewable energy sources reducing our carbon footprint.,0
We conduct regular environmental risk assessments to proactively address potential environmental impacts.,0
Our product's environmental claims are supported by peer-reviewed scientific studies.,0
We engage in reforestation projects to offset carbon emissions and restore ecosystems.,0
Our product is certified as non-toxic by independent laboratories ensuring safety for consumers and the environment.,0
We monitor air and water quality at our facilities to ensure compliance with environmental regulations.,0
Our sustainable packaging is made from recycled materials and is fully recyclable.,0
We collaborate with industry partners to develop and implement best practices for sustainable supply chains.,0
